h,eL2,eH1
0.25,0.00166581,0.0444841
0.125,0.000212085,0.0110743
0.0625,2.66213e-05,0.00276527
0.03125,3.33103e-06,0.000691105
0.015625,4.16484e-07,0.000172763
