h,eL2,eH1
0.25,0.00166646,0.0445042
0.125,0.000212112,0.0110757
0.0625,2.66222e-05,0.00276536
0.03125,3.33106e-06,0.00069111
0.015625,4.16485e-07,0.000172763
