Cores,Solver,Degree,Refinement,SetupSystemCPU,SetupSystemWall,NumberOfElements,DoFs,DoFsPerCell,QPointsPerCell,RhsOrAssembleCpu,RhsOrAssembleWall,SolvingLinearSystemCPU,SolvingLinearSystemWall,Iterations,TimePerIter(s),Throughput(MDoFs/s)
2,MatrixFree,1,6,0.021145,0.0223487,4096,4225,4,4,0.000912,0.000916451,0.019933,0.0208083,13,0.00160064,2.63957 MDoFs/s
16,MatrixFree,2,6,0.021965,0.0243217,4096,16641,9,9,0,0.000967913,0.025868,0.0287534,17,0.00169138,9.83873 MDoFs/s
54,MatrixFree,3,6,0.032323,0.0389158,4096,37249,16,16,0.001156,0.00116418,0.042667,0.0427415,19,0.00224955,16.5584 MDoFs/s
2,MatrixBased,1,6,1.99681,2.06153,262144,274625,8,8,0.894241,0.898021,2.54783,2.25099,30,0.0750331,3.66005 MDoFs/s
16,MatrixBased,2,6,2.01744,2.07934,262144,2146689,27,27,4.71417,4.73644,227.507,210.35,50,4.207,0.510266 MDoFs/s
